Method;Job;AnalyzeLaunchVariance;EvaluateOverhead;MaxAbsoluteError;MaxRelativeError;MinInvokeCount;MinIterationTime;OutlierMode;Affinity;EnvironmentVariables;Jit;LargeAddressAware;Platform;PowerPlanMode;Runtime;AllowVeryLargeObjects;Concurrent;CpuGroups;Force;HeapAffinitizeMask;HeapCount;NoAffinitize;RetainVm;Server;Arguments;BuildConfiguration;Clock;EngineFactory;NuGetReferences;Toolchain;IsMutator;InvocationCount;IterationCount;IterationTime;LaunchCount;MaxIterationCount;MaxWarmupIterationCount;MemoryRandomization;MinIterationCount;MinWarmupIterationCount;RunStrategy;UnrollFactor;WarmupCount;Value;Mean;Error;StdDev;Ratio;RatioSD;Allocated;Alloc Ratio
Abs;ShortRun;False;Default;Default;Default;Default;Default;Default;000000000000;Empty;RyuJit;Default;Arm64;8c5e7fda-e8bf-4a96-9a85-a6e23a8c635c;.NET 10.0;False;True;False;True;Default;Default;False;False;False;Default;Default;Default;Default;Default;Default;Default;Default;3;Default;1;Default;Default;Default;Default;Default;Default;16;3;-2147483647;308.3 ns;76.76 ns;4.21 ns;1.00;0.02;0 B;NA
LoopFloor;ShortRun;False;Default;Default;Default;Default;Default;Default;000000000000;Empty;RyuJit;Default;Arm64;8c5e7fda-e8bf-4a96-9a85-a6e23a8c635c;.NET 10.0;False;True;False;True;Default;Default;False;False;False;Default;Default;Default;Default;Default;Default;Default;Default;3;Default;1;Default;Default;Default;Default;Default;Default;16;3;-2147483647;255.5 ns;77.45 ns;4.25 ns;0.83;0.02;0 B;NA
AbsUnchecked;ShortRun;False;Default;Default;Default;Default;Default;Default;000000000000;Empty;RyuJit;Default;Arm64;8c5e7fda-e8bf-4a96-9a85-a6e23a8c635c;.NET 10.0;False;True;False;True;Default;Default;False;False;False;Default;Default;Default;Default;Default;Default;Default;Default;3;Default;1;Default;Default;Default;Default;Default;Default;16;3;-2147483647;256.9 ns;4.62 ns;0.25 ns;0.83;0.01;0 B;NA
AbsFast;ShortRun;False;Default;Default;Default;Default;Default;Default;000000000000;Empty;RyuJit;Default;Arm64;8c5e7fda-e8bf-4a96-9a85-a6e23a8c635c;.NET 10.0;False;True;False;True;Default;Default;False;False;False;Default;Default;Default;Default;Default;Default;Default;Default;3;Default;1;Default;Default;Default;Default;Default;Default;16;3;-2147483647;263.2 ns;32.41 ns;1.78 ns;0.85;0.01;0 B;NA
Abs;ShortRun;False;Default;Default;Default;Default;Default;Default;000000000000;Empty;RyuJit;Default;Arm64;8c5e7fda-e8bf-4a96-9a85-a6e23a8c635c;.NET 10.0;False;True;False;True;Default;Default;False;False;False;Default;Default;Default;Default;Default;Default;Default;Default;3;Default;1;Default;Default;Default;Default;Default;Default;16;3;-1000;315.8 ns;51.13 ns;2.80 ns;1.00;0.01;0 B;NA
LoopFloor;ShortRun;False;Default;Default;Default;Default;Default;Default;000000000000;Empty;RyuJit;Default;Arm64;8c5e7fda-e8bf-4a96-9a85-a6e23a8c635c;.NET 10.0;False;True;False;True;Default;Default;False;False;False;Default;Default;Default;Default;Default;Default;Default;Default;3;Default;1;Default;Default;Default;Default;Default;Default;16;3;-1000;257.0 ns;37.23 ns;2.04 ns;0.81;0.01;0 B;NA
AbsUnchecked;ShortRun;False;Default;Default;Default;Default;Default;Default;000000000000;Empty;RyuJit;Default;Arm64;8c5e7fda-e8bf-4a96-9a85-a6e23a8c635c;.NET 10.0;False;True;False;True;Default;Default;False;False;False;Default;Default;Default;Default;Default;Default;Default;Default;3;Default;1;Default;Default;Default;Default;Default;Default;16;3;-1000;256.9 ns;17.31 ns;0.95 ns;0.81;0.01;0 B;NA
AbsFast;ShortRun;False;Default;Default;Default;Default;Default;Default;000000000000;Empty;RyuJit;Default;Arm64;8c5e7fda-e8bf-4a96-9a85-a6e23a8c635c;.NET 10.0;False;True;False;True;Default;Default;False;False;False;Default;Default;Default;Default;Default;Default;Default;Default;3;Default;1;Default;Default;Default;Default;Default;Default;16;3;-1000;259.8 ns;19.20 ns;1.05 ns;0.82;0.01;0 B;NA
Abs;ShortRun;False;Default;Default;Default;Default;Default;Default;000000000000;Empty;RyuJit;Default;Arm64;8c5e7fda-e8bf-4a96-9a85-a6e23a8c635c;.NET 10.0;False;True;False;True;Default;Default;False;False;False;Default;Default;Default;Default;Default;Default;Default;Default;3;Default;1;Default;Default;Default;Default;Default;Default;16;3;-100;309.0 ns;19.04 ns;1.04 ns;1.00;0.00;0 B;NA
LoopFloor;ShortRun;False;Default;Default;Default;Default;Default;Default;000000000000;Empty;RyuJit;Default;Arm64;8c5e7fda-e8bf-4a96-9a85-a6e23a8c635c;.NET 10.0;False;True;False;True;Default;Default;False;False;False;Default;Default;Default;Default;Default;Default;Default;Default;3;Default;1;Default;Default;Default;Default;Default;Default;16;3;-100;254.0 ns;3.64 ns;0.20 ns;0.82;0.00;0 B;NA
AbsUnchecked;ShortRun;False;Default;Default;Default;Default;Default;Default;000000000000;Empty;RyuJit;Default;Arm64;8c5e7fda-e8bf-4a96-9a85-a6e23a8c635c;.NET 10.0;False;True;False;True;Default;Default;False;False;False;Default;Default;Default;Default;Default;Default;Default;Default;3;Default;1;Default;Default;Default;Default;Default;Default;16;3;-100;257.5 ns;4.57 ns;0.25 ns;0.83;0.00;0 B;NA
AbsFast;ShortRun;False;Default;Default;Default;Default;Default;Default;000000000000;Empty;RyuJit;Default;Arm64;8c5e7fda-e8bf-4a96-9a85-a6e23a8c635c;.NET 10.0;False;True;False;True;Default;Default;False;False;False;Default;Default;Default;Default;Default;Default;Default;Default;3;Default;1;Default;Default;Default;Default;Default;Default;16;3;-100;256.5 ns;2.41 ns;0.13 ns;0.83;0.00;0 B;NA
Abs;ShortRun;False;Default;Default;Default;Default;Default;Default;000000000000;Empty;RyuJit;Default;Arm64;8c5e7fda-e8bf-4a96-9a85-a6e23a8c635c;.NET 10.0;False;True;False;True;Default;Default;False;False;False;Default;Default;Default;Default;Default;Default;Default;Default;3;Default;1;Default;Default;Default;Default;Default;Default;16;3;-10;314.4 ns;181.11 ns;9.93 ns;1.00;0.04;0 B;NA
LoopFloor;ShortRun;False;Default;Default;Default;Default;Default;Default;000000000000;Empty;RyuJit;Default;Arm64;8c5e7fda-e8bf-4a96-9a85-a6e23a8c635c;.NET 10.0;False;True;False;True;Default;Default;False;False;False;Default;Default;Default;Default;Default;Default;Default;Default;3;Default;1;Default;Default;Default;Default;Default;Default;16;3;-10;253.8 ns;2.98 ns;0.16 ns;0.81;0.02;0 B;NA
AbsUnchecked;ShortRun;False;Default;Default;Default;Default;Default;Default;000000000000;Empty;RyuJit;Default;Arm64;8c5e7fda-e8bf-4a96-9a85-a6e23a8c635c;.NET 10.0;False;True;False;True;Default;Default;False;False;False;Default;Default;Default;Default;Default;Default;Default;Default;3;Default;1;Default;Default;Default;Default;Default;Default;16;3;-10;257.6 ns;9.10 ns;0.50 ns;0.82;0.02;0 B;NA
AbsFast;ShortRun;False;Default;Default;Default;Default;Default;Default;000000000000;Empty;RyuJit;Default;Arm64;8c5e7fda-e8bf-4a96-9a85-a6e23a8c635c;.NET 10.0;False;True;False;True;Default;Default;False;False;False;Default;Default;Default;Default;Default;Default;Default;Default;3;Default;1;Default;Default;Default;Default;Default;Default;16;3;-10;257.2 ns;4.46 ns;0.24 ns;0.82;0.02;0 B;NA
Abs;ShortRun;False;Default;Default;Default;Default;Default;Default;000000000000;Empty;RyuJit;Default;Arm64;8c5e7fda-e8bf-4a96-9a85-a6e23a8c635c;.NET 10.0;False;True;False;True;Default;Default;False;False;False;Default;Default;Default;Default;Default;Default;Default;Default;3;Default;1;Default;Default;Default;Default;Default;Default;16;3;-5;310.4 ns;57.52 ns;3.15 ns;1.00;0.01;0 B;NA
LoopFloor;ShortRun;False;Default;Default;Default;Default;Default;Default;000000000000;Empty;RyuJit;Default;Arm64;8c5e7fda-e8bf-4a96-9a85-a6e23a8c635c;.NET 10.0;False;True;False;True;Default;Default;False;False;False;Default;Default;Default;Default;Default;Default;Default;Default;3;Default;1;Default;Default;Default;Default;Default;Default;16;3;-5;254.1 ns;10.71 ns;0.59 ns;0.82;0.01;0 B;NA
AbsUnchecked;ShortRun;False;Default;Default;Default;Default;Default;Default;000000000000;Empty;RyuJit;Default;Arm64;8c5e7fda-e8bf-4a96-9a85-a6e23a8c635c;.NET 10.0;False;True;False;True;Default;Default;False;False;False;Default;Default;Default;Default;Default;Default;Default;Default;3;Default;1;Default;Default;Default;Default;Default;Default;16;3;-5;257.0 ns;7.36 ns;0.40 ns;0.83;0.01;0 B;NA
AbsFast;ShortRun;False;Default;Default;Default;Default;Default;Default;000000000000;Empty;RyuJit;Default;Arm64;8c5e7fda-e8bf-4a96-9a85-a6e23a8c635c;.NET 10.0;False;True;False;True;Default;Default;False;False;False;Default;Default;Default;Default;Default;Default;Default;Default;3;Default;1;Default;Default;Default;Default;Default;Default;16;3;-5;256.8 ns;1.20 ns;0.07 ns;0.83;0.01;0 B;NA
Abs;ShortRun;False;Default;Default;Default;Default;Default;Default;000000000000;Empty;RyuJit;Default;Arm64;8c5e7fda-e8bf-4a96-9a85-a6e23a8c635c;.NET 10.0;False;True;False;True;Default;Default;False;False;False;Default;Default;Default;Default;Default;Default;Default;Default;3;Default;1;Default;Default;Default;Default;Default;Default;16;3;-1;307.1 ns;36.03 ns;1.97 ns;1.00;0.01;0 B;NA
LoopFloor;ShortRun;False;Default;Default;Default;Default;Default;Default;000000000000;Empty;RyuJit;Default;Arm64;8c5e7fda-e8bf-4a96-9a85-a6e23a8c635c;.NET 10.0;False;True;False;True;Default;Default;False;False;False;Default;Default;Default;Default;Default;Default;Default;Default;3;Default;1;Default;Default;Default;Default;Default;Default;16;3;-1;253.1 ns;11.02 ns;0.60 ns;0.82;0.00;0 B;NA
AbsUnchecked;ShortRun;False;Default;Default;Default;Default;Default;Default;000000000000;Empty;RyuJit;Default;Arm64;8c5e7fda-e8bf-4a96-9a85-a6e23a8c635c;.NET 10.0;False;True;False;True;Default;Default;False;False;False;Default;Default;Default;Default;Default;Default;Default;Default;3;Default;1;Default;Default;Default;Default;Default;Default;16;3;-1;256.4 ns;3.15 ns;0.17 ns;0.83;0.00;0 B;NA
AbsFast;ShortRun;False;Default;Default;Default;Default;Default;Default;000000000000;Empty;RyuJit;Default;Arm64;8c5e7fda-e8bf-4a96-9a85-a6e23a8c635c;.NET 10.0;False;True;False;True;Default;Default;False;False;False;Default;Default;Default;Default;Default;Default;Default;Default;3;Default;1;Default;Default;Default;Default;Default;Default;16;3;-1;256.3 ns;5.24 ns;0.29 ns;0.83;0.00;0 B;NA
Abs;ShortRun;False;Default;Default;Default;Default;Default;Default;000000000000;Empty;RyuJit;Default;Arm64;8c5e7fda-e8bf-4a96-9a85-a6e23a8c635c;.NET 10.0;False;True;False;True;Default;Default;False;False;False;Default;Default;Default;Default;Default;Default;Default;Default;3;Default;1;Default;Default;Default;Default;Default;Default;16;3;0;256.3 ns;20.75 ns;1.14 ns;1.00;0.01;0 B;NA
LoopFloor;ShortRun;False;Default;Default;Default;Default;Default;Default;000000000000;Empty;RyuJit;Default;Arm64;8c5e7fda-e8bf-4a96-9a85-a6e23a8c635c;.NET 10.0;False;True;False;True;Default;Default;False;False;False;Default;Default;Default;Default;Default;Default;Default;Default;3;Default;1;Default;Default;Default;Default;Default;Default;16;3;0;253.5 ns;9.84 ns;0.54 ns;0.99;0.00;0 B;NA
AbsUnchecked;ShortRun;False;Default;Default;Default;Default;Default;Default;000000000000;Empty;RyuJit;Default;Arm64;8c5e7fda-e8bf-4a96-9a85-a6e23a8c635c;.NET 10.0;False;True;False;True;Default;Default;False;False;False;Default;Default;Default;Default;Default;Default;Default;Default;3;Default;1;Default;Default;Default;Default;Default;Default;16;3;0;256.7 ns;2.77 ns;0.15 ns;1.00;0.00;0 B;NA
AbsFast;ShortRun;False;Default;Default;Default;Default;Default;Default;000000000000;Empty;RyuJit;Default;Arm64;8c5e7fda-e8bf-4a96-9a85-a6e23a8c635c;.NET 10.0;False;True;False;True;Default;Default;False;False;False;Default;Default;Default;Default;Default;Default;Default;Default;3;Default;1;Default;Default;Default;Default;Default;Default;16;3;0;257.5 ns;15.26 ns;0.84 ns;1.00;0.00;0 B;NA
Abs;ShortRun;False;Default;Default;Default;Default;Default;Default;000000000000;Empty;RyuJit;Default;Arm64;8c5e7fda-e8bf-4a96-9a85-a6e23a8c635c;.NET 10.0;False;True;False;True;Default;Default;False;False;False;Default;Default;Default;Default;Default;Default;Default;Default;3;Default;1;Default;Default;Default;Default;Default;Default;16;3;1;256.4 ns;18.93 ns;1.04 ns;1.00;0.00;0 B;NA
LoopFloor;ShortRun;False;Default;Default;Default;Default;Default;Default;000000000000;Empty;RyuJit;Default;Arm64;8c5e7fda-e8bf-4a96-9a85-a6e23a8c635c;.NET 10.0;False;True;False;True;Default;Default;False;False;False;Default;Default;Default;Default;Default;Default;Default;Default;3;Default;1;Default;Default;Default;Default;Default;Default;16;3;1;252.3 ns;18.55 ns;1.02 ns;0.98;0.00;0 B;NA
AbsUnchecked;ShortRun;False;Default;Default;Default;Default;Default;Default;000000000000;Empty;RyuJit;Default;Arm64;8c5e7fda-e8bf-4a96-9a85-a6e23a8c635c;.NET 10.0;False;True;False;True;Default;Default;False;False;False;Default;Default;Default;Default;Default;Default;Default;Default;3;Default;1;Default;Default;Default;Default;Default;Default;16;3;1;257.9 ns;40.35 ns;2.21 ns;1.01;0.01;0 B;NA
AbsFast;ShortRun;False;Default;Default;Default;Default;Default;Default;000000000000;Empty;RyuJit;Default;Arm64;8c5e7fda-e8bf-4a96-9a85-a6e23a8c635c;.NET 10.0;False;True;False;True;Default;Default;False;False;False;Default;Default;Default;Default;Default;Default;Default;Default;3;Default;1;Default;Default;Default;Default;Default;Default;16;3;1;257.0 ns;17.55 ns;0.96 ns;1.00;0.00;0 B;NA
Abs;ShortRun;False;Default;Default;Default;Default;Default;Default;000000000000;Empty;RyuJit;Default;Arm64;8c5e7fda-e8bf-4a96-9a85-a6e23a8c635c;.NET 10.0;False;True;False;True;Default;Default;False;False;False;Default;Default;Default;Default;Default;Default;Default;Default;3;Default;1;Default;Default;Default;Default;Default;Default;16;3;5;256.9 ns;10.56 ns;0.58 ns;1.00;0.00;0 B;NA
LoopFloor;ShortRun;False;Default;Default;Default;Default;Default;Default;000000000000;Empty;RyuJit;Default;Arm64;8c5e7fda-e8bf-4a96-9a85-a6e23a8c635c;.NET 10.0;False;True;False;True;Default;Default;False;False;False;Default;Default;Default;Default;Default;Default;Default;Default;3;Default;1;Default;Default;Default;Default;Default;Default;16;3;5;253.1 ns;24.50 ns;1.34 ns;0.99;0.00;0 B;NA
AbsUnchecked;ShortRun;False;Default;Default;Default;Default;Default;Default;000000000000;Empty;RyuJit;Default;Arm64;8c5e7fda-e8bf-4a96-9a85-a6e23a8c635c;.NET 10.0;False;True;False;True;Default;Default;False;False;False;Default;Default;Default;Default;Default;Default;Default;Default;3;Default;1;Default;Default;Default;Default;Default;Default;16;3;5;256.4 ns;2.36 ns;0.13 ns;1.00;0.00;0 B;NA
AbsFast;ShortRun;False;Default;Default;Default;Default;Default;Default;000000000000;Empty;RyuJit;Default;Arm64;8c5e7fda-e8bf-4a96-9a85-a6e23a8c635c;.NET 10.0;False;True;False;True;Default;Default;False;False;False;Default;Default;Default;Default;Default;Default;Default;Default;3;Default;1;Default;Default;Default;Default;Default;Default;16;3;5;256.8 ns;5.40 ns;0.30 ns;1.00;0.00;0 B;NA
Abs;ShortRun;False;Default;Default;Default;Default;Default;Default;000000000000;Empty;RyuJit;Default;Arm64;8c5e7fda-e8bf-4a96-9a85-a6e23a8c635c;.NET 10.0;False;True;False;True;Default;Default;False;False;False;Default;Default;Default;Default;Default;Default;Default;Default;3;Default;1;Default;Default;Default;Default;Default;Default;16;3;10;256.6 ns;19.68 ns;1.08 ns;1.00;0.01;0 B;NA
LoopFloor;ShortRun;False;Default;Default;Default;Default;Default;Default;000000000000;Empty;RyuJit;Default;Arm64;8c5e7fda-e8bf-4a96-9a85-a6e23a8c635c;.NET 10.0;False;True;False;True;Default;Default;False;False;False;Default;Default;Default;Default;Default;Default;Default;Default;3;Default;1;Default;Default;Default;Default;Default;Default;16;3;10;252.0 ns;8.54 ns;0.47 ns;0.98;0.00;0 B;NA
AbsUnchecked;ShortRun;False;Default;Default;Default;Default;Default;Default;000000000000;Empty;RyuJit;Default;Arm64;8c5e7fda-e8bf-4a96-9a85-a6e23a8c635c;.NET 10.0;False;True;False;True;Default;Default;False;False;False;Default;Default;Default;Default;Default;Default;Default;Default;3;Default;1;Default;Default;Default;Default;Default;Default;16;3;10;256.9 ns;10.01 ns;0.55 ns;1.00;0.00;0 B;NA
AbsFast;ShortRun;False;Default;Default;Default;Default;Default;Default;000000000000;Empty;RyuJit;Default;Arm64;8c5e7fda-e8bf-4a96-9a85-a6e23a8c635c;.NET 10.0;False;True;False;True;Default;Default;False;False;False;Default;Default;Default;Default;Default;Default;Default;Default;3;Default;1;Default;Default;Default;Default;Default;Default;16;3;10;266.0 ns;163.59 ns;8.97 ns;1.04;0.03;0 B;NA
Abs;ShortRun;False;Default;Default;Default;Default;Default;Default;000000000000;Empty;RyuJit;Default;Arm64;8c5e7fda-e8bf-4a96-9a85-a6e23a8c635c;.NET 10.0;False;True;False;True;Default;Default;False;False;False;Default;Default;Default;Default;Default;Default;Default;Default;3;Default;1;Default;Default;Default;Default;Default;Default;16;3;100;256.1 ns;14.12 ns;0.77 ns;1.00;0.00;0 B;NA
LoopFloor;ShortRun;False;Default;Default;Default;Default;Default;Default;000000000000;Empty;RyuJit;Default;Arm64;8c5e7fda-e8bf-4a96-9a85-a6e23a8c635c;.NET 10.0;False;True;False;True;Default;Default;False;False;False;Default;Default;Default;Default;Default;Default;Default;Default;3;Default;1;Default;Default;Default;Default;Default;Default;16;3;100;253.3 ns;10.49 ns;0.57 ns;0.99;0.00;0 B;NA
AbsUnchecked;ShortRun;False;Default;Default;Default;Default;Default;Default;000000000000;Empty;RyuJit;Default;Arm64;8c5e7fda-e8bf-4a96-9a85-a6e23a8c635c;.NET 10.0;False;True;False;True;Default;Default;False;False;False;Default;Default;Default;Default;Default;Default;Default;Default;3;Default;1;Default;Default;Default;Default;Default;Default;16;3;100;256.0 ns;4.21 ns;0.23 ns;1.00;0.00;0 B;NA
AbsFast;ShortRun;False;Default;Default;Default;Default;Default;Default;000000000000;Empty;RyuJit;Default;Arm64;8c5e7fda-e8bf-4a96-9a85-a6e23a8c635c;.NET 10.0;False;True;False;True;Default;Default;False;False;False;Default;Default;Default;Default;Default;Default;Default;Default;3;Default;1;Default;Default;Default;Default;Default;Default;16;3;100;264.6 ns;164.48 ns;9.02 ns;1.03;0.03;0 B;NA
Abs;ShortRun;False;Default;Default;Default;Default;Default;Default;000000000000;Empty;RyuJit;Default;Arm64;8c5e7fda-e8bf-4a96-9a85-a6e23a8c635c;.NET 10.0;False;True;False;True;Default;Default;False;False;False;Default;Default;Default;Default;Default;Default;Default;Default;3;Default;1;Default;Default;Default;Default;Default;Default;16;3;1000;257.3 ns;40.24 ns;2.21 ns;1.00;0.01;0 B;NA
LoopFloor;ShortRun;False;Default;Default;Default;Default;Default;Default;000000000000;Empty;RyuJit;Default;Arm64;8c5e7fda-e8bf-4a96-9a85-a6e23a8c635c;.NET 10.0;False;True;False;True;Default;Default;False;False;False;Default;Default;Default;Default;Default;Default;Default;Default;3;Default;1;Default;Default;Default;Default;Default;Default;16;3;1000;251.7 ns;16.05 ns;0.88 ns;0.98;0.01;0 B;NA
AbsUnchecked;ShortRun;False;Default;Default;Default;Default;Default;Default;000000000000;Empty;RyuJit;Default;Arm64;8c5e7fda-e8bf-4a96-9a85-a6e23a8c635c;.NET 10.0;False;True;False;True;Default;Default;False;False;False;Default;Default;Default;Default;Default;Default;Default;Default;3;Default;1;Default;Default;Default;Default;Default;Default;16;3;1000;256.0 ns;6.84 ns;0.37 ns;0.99;0.01;0 B;NA
AbsFast;ShortRun;False;Default;Default;Default;Default;Default;Default;000000000000;Empty;RyuJit;Default;Arm64;8c5e7fda-e8bf-4a96-9a85-a6e23a8c635c;.NET 10.0;False;True;False;True;Default;Default;False;False;False;Default;Default;Default;Default;Default;Default;Default;Default;3;Default;1;Default;Default;Default;Default;Default;Default;16;3;1000;256.1 ns;5.45 ns;0.30 ns;1.00;0.01;0 B;NA
Abs;ShortRun;False;Default;Default;Default;Default;Default;Default;000000000000;Empty;RyuJit;Default;Arm64;8c5e7fda-e8bf-4a96-9a85-a6e23a8c635c;.NET 10.0;False;True;False;True;Default;Default;False;False;False;Default;Default;Default;Default;Default;Default;Default;Default;3;Default;1;Default;Default;Default;Default;Default;Default;16;3;2147483647;262.9 ns;136.77 ns;7.50 ns;1.00;0.03;0 B;NA
LoopFloor;ShortRun;False;Default;Default;Default;Default;Default;Default;000000000000;Empty;RyuJit;Default;Arm64;8c5e7fda-e8bf-4a96-9a85-a6e23a8c635c;.NET 10.0;False;True;False;True;Default;Default;False;False;False;Default;Default;Default;Default;Default;Default;Default;Default;3;Default;1;Default;Default;Default;Default;Default;Default;16;3;2147483647;252.4 ns;15.18 ns;0.83 ns;0.96;0.02;0 B;NA
AbsUnchecked;ShortRun;False;Default;Default;Default;Default;Default;Default;000000000000;Empty;RyuJit;Default;Arm64;8c5e7fda-e8bf-4a96-9a85-a6e23a8c635c;.NET 10.0;False;True;False;True;Default;Default;False;False;False;Default;Default;Default;Default;Default;Default;Default;Default;3;Default;1;Default;Default;Default;Default;Default;Default;16;3;2147483647;255.3 ns;9.75 ns;0.53 ns;0.97;0.02;0 B;NA
AbsFast;ShortRun;False;Default;Default;Default;Default;Default;Default;000000000000;Empty;RyuJit;Default;Arm64;8c5e7fda-e8bf-4a96-9a85-a6e23a8c635c;.NET 10.0;False;True;False;True;Default;Default;False;False;False;Default;Default;Default;Default;Default;Default;Default;Default;3;Default;1;Default;Default;Default;Default;Default;Default;16;3;2147483647;257.3 ns;8.76 ns;0.48 ns;0.98;0.02;0 B;NA
